numero,enteCommittente,categoria,pubblicazione,scadenza,valore,descrizione,url
1643752,AZIENDA OSPEDALIERA DI RILIEVO NAZIONALE E DI ALTA SPECIALIZZAZIONE - GARIBALDI CATANIA,Beni e servizi per la sanità,21/07/2017,01/08/2017,"120000,00 €","Partecipa all'iniziativa Apparecchiature per conservazione di campioni biologici, bando numero: 1643752",https://www.acquistinretepa.it/opencms/opencms/main/impresa/strumenti/dettaglio.jsp?idT=1643752&tipoVis=descr&nome=Apparecchiature+per+conservazione+di+campioni+biologici&frompage=rdoAperte.jsp&orderBy=pubblicazione&sort=desc&__pagina=10&__element=paginazione
1641720,ASL NAPOLI 1 CENTRO,Beni e servizi per la sanità,20/07/2017,07/08/2017,"10000,00 €","Partecipa all'iniziativa FORNITURA DI UN MONITOR/DEFIBRILLATORE OCCORRENTE ALLA UOC RADIOLOGIA DEL P.O. SAN PAOLO R.P., bando numero: 1641720",https://www.acquistinretepa.it/opencms/opencms/main/impresa/strumenti/dettaglio.jsp?idT=1641720&tipoVis=descr&nome=FORNITURA+DI+UN+MONITOR%2FDEFIBRILLATORE+OCCORRENTE+ALLA+UOC+RADIOLOGIA+DEL+P.O.+SAN+PAOLO+R.P.&frompage=rdoAperte.jsp&orderBy=pubblicazione&sort=desc&__pagina=10&__element=paginazione
1644024,COMUNE DI FRASSO TELESINO,Lavori di manutenzione,20/07/2017,07/08/2017,"611475,50 €","Partecipa all'iniziativa RIQUALIFICAZIONE, GESTIONE E MANUTENZIONE DEGLI IMPIANTI DI PUBBLICA ILLUMINAZIONE, bando numero: 1644024",https://www.acquistinretepa.it/opencms/opencms/main/impresa/strumenti/dettaglio.jsp?idT=1644024&tipoVis=descr&nome=RIQUALIFICAZIONE%2C+GESTIONE+E+MANUTENZIONE+DEGLI+IMPIANTI+DI+PUBBLICA+ILLUMINAZIONE&frompage=rdoAperte.jsp&orderBy=pubblicazione&sort=desc&__pagina=10&__element=paginazione
1643981,COMUNE DI TERLIZZI,Beni e servizi per le persone,20/07/2017,20/08/2017,"97100,00 €","Partecipa all'iniziativa AFFIDAMENTO DEI SERVIZI CIMITERIALI DA EFFETTUARSI PRESSO IL CIMITERO DEL COMUNE DI TERLIZZI PER MESI 18, bando numero: 1643981",https://www.acquistinretepa.it/opencms/opencms/main/impresa/strumenti/dettaglio.jsp?idT=1643981&tipoVis=descr&nome=AFFIDAMENTO+DEI+SERVIZI+CIMITERIALI+DA+EFFETTUARSI+PRESSO+IL+CIMITERO+DEL+COMUNE+DI+TERLIZZI+PER+MESI+18&frompage=rdoAperte.jsp&orderBy=pubblicazione&sort=desc&__pagina=10&__element=paginazione
1643993,ASL SALERNO,Beni e servizi per la sanità,20/07/2017,28/07/2017,"141150,00 €","Partecipa all'iniziativa Fornitura biennale di Rasoi elettrici con testina girevole e lame per tricotomia per i   PP.OO. dell’ASL Salerno, bando numero: 1643993",https://www.acquistinretepa.it/opencms/opencms/main/impresa/strumenti/dettaglio.jsp?idT=1643993&tipoVis=descr&nome=Fornitura+biennale+di+Rasoi+elettrici+con+testina+girevole+e+lame+per+tricotomia+per+i+++PP.OO.+dell%3FASL+Salerno&frompage=rdoAperte.jsp&orderBy=pubblicazione&sort=desc&__pagina=10&__element=paginazione
1644006,CAMERA DI COMMERCIO DI CAGLIARI,"Cancelleria, macchine per ufficio e materiale di consumo",20/07/2017,25/08/2017,"2800,00 €","Partecipa all'iniziativa FORNITURA CARTA A3 E A4 LUGLIO 2017, bando numero: 1644006",https://www.acquistinretepa.it/opencms/opencms/main/impresa/strumenti/dettaglio.jsp?idT=1644006&tipoVis=descr&nome=FORNITURA+CARTA+A3+E+A4+LUGLIO+2017&frompage=rdoAperte.jsp&orderBy=pubblicazione&sort=desc&__pagina=10&__element=paginazione
1644002,CAMERA DI COMMERCIO DI CAGLIARI,"Cancelleria, macchine per ufficio e materiale di consumo",20/07/2017,20/08/2017,"2500,00 €","Partecipa all'iniziativa Fornitura cancelleria luglio 2017, bando numero: 1644002",https://www.acquistinretepa.it/opencms/opencms/main/impresa/strumenti/dettaglio.jsp?idT=1644002&tipoVis=descr&nome=Fornitura+cancelleria+luglio+2017&frompage=rdoAperte.jsp&orderBy=pubblicazione&sort=desc&__pagina=10&__element=paginazione
1602563,AZIENDA SANITARIA PROVINCIALE DI RAGUSA,Beni e servizi per le persone,20/07/2017,04/09/2017,"22950,82 €","Partecipa all'iniziativa Realizzazione di un'opera audiovisiva per la sensibilizzazione sull'azzardopatia da destinare al Ser. T dell'ASP., bando numero: 1602563",https://www.acquistinretepa.it/opencms/opencms/main/impresa/strumenti/dettaglio.jsp?idT=1602563&tipoVis=descr&nome=Realizzazione+di+un%27opera+audiovisiva+per+la+sensibilizzazione+sull%27azzardopatia+da+destinare+al+Ser.+T+dell%27ASP.&frompage=rdoAperte.jsp&orderBy=pubblicazione&sort=desc&__pagina=10&__element=paginazione
1643681,COMUNE DI QUARTO,Lavori di manutenzione,20/07/2017,24/08/2017,"62500,00 €","Partecipa all'iniziativa Manutenzione ordinaria impianti Pubblica Illuminazione - biennale, bando numero: 1643681",https://www.acquistinretepa.it/opencms/opencms/main/impresa/strumenti/dettaglio.jsp?idT=1643681&tipoVis=descr&nome=Manutenzione+ordinaria+impianti+Pubblica+Illuminazione+-+biennale&frompage=rdoAperte.jsp&orderBy=pubblicazione&sort=desc&__pagina=10&__element=paginazione
1643934,POLITECNICO DI TORINO,"Hardware, Software e Servizi ICT",20/07/2017,28/07/2017,"5100,00 €","Partecipa all'iniziativa D.E.T. POLITECNICO DI TORINO: LOTTO 1 CIG Z7C1F6DABB FORNITURA DI UN PC TABLET i7 DI SETTIMA GENERAZIONE  - LOTTO 2 CIG Z761F6DB13 - FORNITURA DI UN  PC TABLET i5 DI SETTIMA GENERAZIONE, bando numero: 1643934",https://www.acquistinretepa.it/opencms/opencms/main/impresa/strumenti/dettaglio.jsp?idT=1643934&tipoVis=descr&nome=D.E.T.+POLITECNICO+DI+TORINO%3A+LOTTO+1+CIG+Z7C1F6DABB+FORNITURA+DI+UN+PC+TABLET+i7+DI+SETTIMA+GENERAZIONE++-+LOTTO+2+CIG+Z761F6DB13+-+FORNITURA+DI+UN++PC+TABLET+i5+DI+SETTIMA+GENERAZIONE&frompage=rdoAperte.jsp&orderBy=pubblicazione&sort=desc&__pagina=10&__element=paginazione
1644947,COMUNE DI GINOSA,Servizi sociali,21/07/2017,04/09/2017,"257142,85 €","Partecipa all'iniziativa Servizio di Gestione Centri Sociali Polivalenti per Anziani, bando numero: 1644947",https://www.acquistinretepa.it/opencms/opencms/main/impresa/strumenti/dettaglio.jsp?idT=1644947&tipoVis=descr&nome=Servizio+di+Gestione+Centri+Sociali+Polivalenti+per+Anziani&frompage=rdoAperte.jsp&orderBy=pubblicazione&sort=desc&__pagina=1&__element=paginazione
1644525,POLITECNICO DI TORINO,"Cancelleria, macchine per ufficio e materiale di consumo",21/07/2017,03/08/2017,"8000,00 €","Partecipa all'iniziativa Amm. Centr. Politecnico di Torino - Fornitura di libri, bando numero: 1644525",https://www.acquistinretepa.it/opencms/opencms/main/impresa/strumenti/dettaglio.jsp?idT=1644525&tipoVis=descr&nome=Amm.+Centr.+Politecnico+di+Torino+-+Fornitura+di+libri&frompage=rdoAperte.jsp&orderBy=pubblicazione&sort=desc&__pagina=1&__element=paginazione
1644991,COMUNE DI CARDANO AL CAMPO,"Arredi e complementi di arredo,Beni e servizi per gli immobili,Beni e servizi per le persone",21/07/2017,03/08/2017,"1000,00 €","Partecipa all'iniziativa Materiale Protezione Civile, bando numero: 1644991",https://www.acquistinretepa.it/opencms/opencms/main/impresa/strumenti/dettaglio.jsp?idT=1644991&tipoVis=descr&nome=Materiale+Protezione+Civile&frompage=rdoAperte.jsp&orderBy=pubblicazione&sort=desc&__pagina=1&__element=paginazione
1644616,COMUNE DI SPARANISE,Beni e servizi per le persone,21/07/2017,10/08/2017,"105600,00 €","Partecipa all'iniziativa SERVIZIO DI REFEZIONE SCOLASTICA AA.SS. 2017/2019, bando numero: 1644616",https://www.acquistinretepa.it/opencms/opencms/main/impresa/strumenti/dettaglio.jsp?idT=1644616&tipoVis=descr&nome=SERVIZIO+DI+REFEZIONE+SCOLASTICA+AA.SS.+2017%2F2019&frompage=rdoAperte.jsp&orderBy=pubblicazione&sort=desc&__pagina=1&__element=paginazione
1644713,AGENZIA DELLE ENTRATE - RISCOSSIONE,"Hardware, Software e Servizi ICT",21/07/2017,08/08/2017,"17000,00 €","Partecipa all'iniziativa Fornitura dei servizi di manutenzione, aggiornamento e assistenza licenze Spyglass per Agenzia delle entrate-Riscossione, bando numero: 1644713",https://www.acquistinretepa.it/opencms/opencms/main/impresa/strumenti/dettaglio.jsp?idT=1644713&tipoVis=descr&nome=Fornitura+dei+servizi+di+manutenzione%2C+aggiornamento+e+assistenza+licenze+Spyglass+per+Agenzia+delle+entrate-Riscossione&frompage=rdoAperte.jsp&orderBy=pubblicazione&sort=desc&__pagina=1&__element=paginazione
1644941,POLITECNICO DI TORINO,"Hardware, Software e Servizi ICT",21/07/2017,28/07/2017,"1600,00 €","Partecipa all'iniziativa DISAT - Notebook, bando numero: 1644941",https://www.acquistinretepa.it/opencms/opencms/main/impresa/strumenti/dettaglio.jsp?idT=1644941&tipoVis=descr&nome=DISAT+-+Notebook&frompage=rdoAperte.jsp&orderBy=pubblicazione&sort=desc&__pagina=1&__element=paginazione
1644899,POLITECNICO DI TORINO,"Hardware, Software e Servizi ICT",21/07/2017,28/07/2017,"6000,00 €","Partecipa all'iniziativa DISAT - Workstation e Monitor, bando numero: 1644899",https://www.acquistinretepa.it/opencms/opencms/main/impresa/strumenti/dettaglio.jsp?idT=1644899&tipoVis=descr&nome=DISAT+-+Workstation+e+Monitor&frompage=rdoAperte.jsp&orderBy=pubblicazione&sort=desc&__pagina=1&__element=paginazione
1644408,POLITECNICO DI TORINO,"Hardware, Software e Servizi ICT",21/07/2017,28/07/2017,"4000,00 €","Partecipa all'iniziativa DISAT - MACBook Pro e Monitor, bando numero: 1644408",https://www.acquistinretepa.it/opencms/opencms/main/impresa/strumenti/dettaglio.jsp?idT=1644408&tipoVis=descr&nome=DISAT+-+MACBook+Pro+e+Monitor&frompage=rdoAperte.jsp&orderBy=pubblicazione&sort=desc&__pagina=1&__element=paginazione
1644102,MINISTERO DELL'ECONOMIA E DELLE FINANZE,Arredi e complementi di arredo,21/07/2017,08/08/2017,"19262,30 €","Partecipa all'iniziativa Acquisto telerie per servizi alloggiativi, bando numero: 1644102",https://www.acquistinretepa.it/opencms/opencms/main/impresa/strumenti/dettaglio.jsp?idT=1644102&tipoVis=descr&nome=Acquisto+telerie+per+servizi+alloggiativi&frompage=rdoAperte.jsp&orderBy=pubblicazione&sort=desc&__pagina=1&__element=paginazione
1644933,C.N.R. CONSIGLIO NAZIONALE DELLE RICERCHE,Beni e servizi per la sanità,21/07/2017,28/07/2017,"2700,00 €","Partecipa all'iniziativa Kit biochimici (vedi lettera invito allegata), bando numero: 1644933",https://www.acquistinretepa.it/opencms/opencms/main/impresa/strumenti/dettaglio.jsp?idT=1644933&tipoVis=descr&nome=Kit+biochimici+%28vedi+lettera+invito+allegata%29&frompage=rdoAperte.jsp&orderBy=pubblicazione&sort=desc&__pagina=1&__element=paginazione
1639504,MINISTERO DELLE INFRASTRUTTURE E DEI TRASPORTI,Beni e servizi per gli immobili,21/07/2017,03/08/2017,"6000,00 €","Partecipa all'iniziativa ALLONTANAMENTO VOLATILI CON UTILIZZO DI FALCHI, bando numero: 1639504",https://www.acquistinretepa.it/opencms/opencms/main/impresa/strumenti/dettaglio.jsp?idT=1639504&tipoVis=descr&nome=ALLONTANAMENTO+VOLATILI+CON+UTILIZZO+DI+FALCHI&frompage=rdoAperte.jsp&orderBy=pubblicazione&sort=desc&__pagina=2&__element=paginazione
1644486,UNIVERSITA' DEGLI STUDI DELLA CAMPANIA - LUIGI VANVITELLI,Beni e servizi per gli immobili,21/07/2017,26/09/2017,"924494,32 €","Partecipa all'iniziativa Interventi finalizzati al miglioramento dell’efficienza energetica per la realizzazione di un impianto fotovoltaico connesso alla rete elettrica di distribuzione presso l’Aulario in S. Maria Capua Vetere (CE), bando numero: 1644486",https://www.acquistinretepa.it/opencms/opencms/main/impresa/strumenti/dettaglio.jsp?idT=1644486&tipoVis=descr&nome=Interventi+finalizzati+al+miglioramento+dell%3Fefficienza+energetica+per+la+realizzazione+di+un+impianto+fotovoltaico+connesso+alla+rete+elettrica+di+distribuzione+presso+l%3FAulario+in+S.+Maria+Capua+Vetere+%28CE%29&frompage=rdoAperte.jsp&orderBy=pubblicazione&sort=desc&__pagina=2&__element=paginazione
1644934,AZIENDA OSPEDALIERA CITTA' DELLA SALUTE E DELLA SCIENZA DI TORINO,Beni e servizi per la sanità,21/07/2017,26/07/2017,"1650,00 €","Partecipa all'iniziativa Farmaco Lipiodol, bando numero: 1644934",https://www.acquistinretepa.it/opencms/opencms/main/impresa/strumenti/dettaglio.jsp?idT=1644934&tipoVis=descr&nome=Farmaco+Lipiodol&frompage=rdoAperte.jsp&orderBy=pubblicazione&sort=desc&__pagina=2&__element=paginazione
1644844,COMUNE DI CASOLE D'ELSA,"Hardware, Software e Servizi ICT",21/07/2017,26/07/2017,"120,00 €","Partecipa all'iniziativa Rinnovo triennale licenza VMWARE Scuola Media, bando numero: 1644844",https://www.acquistinretepa.it/opencms/opencms/main/impresa/strumenti/dettaglio.jsp?idT=1644844&tipoVis=descr&nome=Rinnovo+triennale+licenza+VMWARE+Scuola+Media&frompage=rdoAperte.jsp&orderBy=pubblicazione&sort=desc&__pagina=2&__element=paginazione
1639640,I.R.C.C.S. ISTITUTO NAZIONALE TUMORI FONDAZIONE PASCALE NAPOLI,Beni e servizi per la sanità,21/07/2017,07/08/2017,"49900,00 €","Partecipa all'iniziativa FORNITURA DI UN SISTEMA DI TOMOGRAFIA AD IMPEDENZA ELETTRICA  DELLA FUNZIONALITÀ VENTILATORIA REGIONALE, bando numero: 1639640",https://www.acquistinretepa.it/opencms/opencms/main/impresa/strumenti/dettaglio.jsp?idT=1639640&tipoVis=descr&nome=FORNITURA+DI+UN+SISTEMA+DI+TOMOGRAFIA+AD+IMPEDENZA+ELETTRICA++DELLA+FUNZIONALIT%C0+VENTILATORIA+REGIONALE&frompage=rdoAperte.jsp&orderBy=pubblicazione&sort=desc&__pagina=2&__element=paginazione
1644299,INFORMATICA ALTO ADIGE SPA,"Hardware, Software e Servizi ICT",21/07/2017,07/08/2017,"197000,00 €","Partecipa all'iniziativa Estensione tecnologica sistemi back up per il Data Center di Informatica Alto Adige SpA, bando numero: 1644299",https://www.acquistinretepa.it/opencms/opencms/main/impresa/strumenti/dettaglio.jsp?idT=1644299&tipoVis=descr&nome=Estensione+tecnologica+sistemi+back+up+per+il+Data+Center+di+Informatica+Alto+Adige+SpA&frompage=rdoAperte.jsp&orderBy=pubblicazione&sort=desc&__pagina=2&__element=paginazione
1644627,UNIVERSITA' DEGLI STUDI DI TORINO,"Hardware, Software e Servizi ICT",21/07/2017,15/09/2017,"60000,00 €","Partecipa all'iniziativa Fornitura di una banca dati editori, bando numero: 1644627",https://www.acquistinretepa.it/opencms/opencms/main/impresa/strumenti/dettaglio.jsp?idT=1644627&tipoVis=descr&nome=Fornitura+di+una+banca+dati+editori&frompage=rdoAperte.jsp&orderBy=pubblicazione&sort=desc&__pagina=2&__element=paginazione
1644909,REGIONE SICILIA,Beni e servizi per le persone,21/07/2017,31/07/2017,"81945,00 €","Partecipa all'iniziativa Copia di Fornitura dispoositivi di protezione individuale per i lavoratori a tempo determinato del servizio antincendio boschivo della provinacia di messina per l'anno 2017, bando numero: 1644909",https://www.acquistinretepa.it/opencms/opencms/main/impresa/strumenti/dettaglio.jsp?idT=1644909&tipoVis=descr&nome=Copia+di+Fornitura+dispoositivi+di+protezione+individuale+per+i+lavoratori+a+tempo+determinato+del+servizio+antincendio+boschivo+della+provinacia+di+messina+per+l%27anno+2017&frompage=rdoAperte.jsp&orderBy=pubblicazione&sort=desc&__pagina=2&__element=paginazione
1644812,UNIVERSITA' CA' FOSCARI VENEZIA,"Hardware, Software e Servizi ICT,Cancelleria, macchine per ufficio e materiale di consumo",21/07/2017,31/07/2017,"3350,00 €","Partecipa all'iniziativa Acquisto verde hardware DSU luglio 7, bando numero: 1644812",https://www.acquistinretepa.it/opencms/opencms/main/impresa/strumenti/dettaglio.jsp?idT=1644812&tipoVis=descr&nome=Acquisto+verde+hardware+DSU+luglio+7&frompage=rdoAperte.jsp&orderBy=pubblicazione&sort=desc&__pagina=2&__element=paginazione
1644870,MINISTERO DELLA DIFESA,Arredi e complementi di arredo,21/07/2017,26/07/2017,"980,00 €","Partecipa all'iniziativa ACQUISTO FRIGORIFERI, bando numero: 1644870",https://www.acquistinretepa.it/opencms/opencms/main/impresa/strumenti/dettaglio.jsp?idT=1644870&tipoVis=descr&nome=ACQUISTO+FRIGORIFERI&frompage=rdoAperte.jsp&orderBy=pubblicazione&sort=desc&__pagina=2&__element=paginazione
1643052,POLITECNICO DI TORINO,"Hardware, Software e Servizi ICT",21/07/2017,29/07/2017,"4200,00 €","Partecipa all'iniziativa Politecnico di Torino-DAD-I-Mac 27"" con display in retina + Mac Book Pro 13"" + adattatori (Rosso), bando numero: 1643052",https://www.acquistinretepa.it/opencms/opencms/main/impresa/strumenti/dettaglio.jsp?idT=1643052&tipoVis=descr&nome=Politecnico+di+Torino-DAD-I-Mac+27%22+con+display+in+retina+%2B+Mac+Book+Pro+13%22+%2B+adattatori+%28Rosso%29&frompage=rdoAperte.jsp&orderBy=pubblicazione&sort=desc&__pagina=3&__element=paginazione
1644857,COMUNE DI VIGLIANO BIELLESE,Lavori di manutenzione,21/07/2017,01/08/2017,"58492,74 €","Partecipa all'iniziativa “RIQUALIFICAZIONE DELLA CENTRALE TERMICA DELLA PALESTRA E DELLA SCUOLA PRIMARIA DI SAN QUIRICO”- CIG:7151491D0E., bando numero: 1644857",https://www.acquistinretepa.it/opencms/opencms/main/impresa/strumenti/dettaglio.jsp?idT=1644857&tipoVis=descr&nome=%3FRIQUALIFICAZIONE+DELLA+CENTRALE+TERMICA+DELLA+PALESTRA+E+DELLA+SCUOLA+PRIMARIA+DI+SAN+QUIRICO%3F-+CIG%3A7151491D0E.&frompage=rdoAperte.jsp&orderBy=pubblicazione&sort=desc&__pagina=3&__element=paginazione
1607175,CITTA' METROPOLITANA DI PALERMO,Beni e servizi al territorio,21/07/2017,02/08/2017,"40959,02 €","Partecipa all'iniziativa Fornitura di segnaletica stradale verticale ed orizzontale per le strade di competenza provinciale, bando numero: 1607175",https://www.acquistinretepa.it/opencms/opencms/main/impresa/strumenti/dettaglio.jsp?idT=1607175&tipoVis=descr&nome=Fornitura+di+segnaletica+stradale+verticale+ed+orizzontale+per+le+strade+di+competenza+provinciale&frompage=rdoAperte.jsp&orderBy=pubblicazione&sort=desc&__pagina=3&__element=paginazione
1644718,ISTITUTO ZOOPROFILATTICO SPERIMENTALE DELLA LOMBARDIA E DELL'EMILIA R,Beni e servizi per la sanità,21/07/2017,31/07/2017,"15000,00 €","Partecipa all'iniziativa IZSLER - NOLEGGIO DI NR. 21 INCUBATORE A TEMPERATURA - fasc. 474/2017 - REFERENTE: ELISABETTA ROSSI, TEL. 030.2290631, bando numero: 1644718",https://www.acquistinretepa.it/opencms/opencms/main/impresa/strumenti/dettaglio.jsp?idT=1644718&tipoVis=descr&nome=IZSLER+-+NOLEGGIO+DI+NR.+21+INCUBATORE+A+TEMPERATURA+-+fasc.+474%2F2017+-+REFERENTE%3A+ELISABETTA+ROSSI%2C+TEL.+030.2290631&frompage=rdoAperte.jsp&orderBy=pubblicazione&sort=desc&__pagina=3&__element=paginazione
1644799,POLITECNICO DI MILANO,Beni e servizi per le persone,21/07/2017,03/08/2017,"14500,00 €","Partecipa all'iniziativa Servizio di Catering Coffee Break 11;12;13;14;15/9/2017 - Aperitivo 15/9/2017   (A.L.), bando numero: 1644799",https://www.acquistinretepa.it/opencms/opencms/main/impresa/strumenti/dettaglio.jsp?idT=1644799&tipoVis=descr&nome=Servizio+di+Catering+Coffee+Break+11%3B12%3B13%3B14%3B15%2F9%2F2017+-+Aperitivo+15%2F9%2F2017+++%28A.L.%29&frompage=rdoAperte.jsp&orderBy=pubblicazione&sort=desc&__pagina=3&__element=paginazione
1638003,INPS - ISTITUTO NAZIONALE PREVIDENZA SOCIALE,"Cancelleria, macchine per ufficio e materiale di consumo",21/07/2017,04/08/2017,"400,00 €","Partecipa all'iniziativa Richiesta di preventivo per la Fornitura badge a bassa ed alta coercibilità con personalizzazione, bando numero: 1638003",https://www.acquistinretepa.it/opencms/opencms/main/impresa/strumenti/dettaglio.jsp?idT=1638003&tipoVis=descr&nome=Richiesta+di+preventivo+per+la+Fornitura+badge+a+bassa+ed+alta+coercibilit%E0+con+personalizzazione&frompage=rdoAperte.jsp&orderBy=pubblicazione&sort=desc&__pagina=3&__element=paginazione
1644753,COMUNE DI JESI,"Hardware, Software e Servizi ICT",21/07/2017,10/08/2017,"2000,00 €","Partecipa all'iniziativa Manutenzione Ufficiale Hitachi per sistema di storage, bando numero: 1644753",https://www.acquistinretepa.it/opencms/opencms/main/impresa/strumenti/dettaglio.jsp?idT=1644753&tipoVis=descr&nome=Manutenzione+Ufficiale+Hitachi+per+sistema+di+storage&frompage=rdoAperte.jsp&orderBy=pubblicazione&sort=desc&__pagina=3&__element=paginazione
1644497,MINISTERO DELL'INTERNO,Servizi professionali,21/07/2017,25/08/2017,"1,00 €","Partecipa all'iniziativa SELEZIONE OPERATORI ECONOMICI - SETTORE VALUTAZIONE AZIENDALE, bando numero: 1644497",https://www.acquistinretepa.it/opencms/opencms/main/impresa/strumenti/dettaglio.jsp?idT=1644497&tipoVis=descr&nome=SELEZIONE+OPERATORI+ECONOMICI+-+SETTORE+VALUTAZIONE+AZIENDALE&frompage=rdoAperte.jsp&orderBy=pubblicazione&sort=desc&__pagina=3&__element=paginazione
1644524,MINISTERO DELL'INTERNO,Servizi professionali,21/07/2017,25/08/2017,"1,00 €","Partecipa all'iniziativa SELEZIONE OPERATORI ECONOMICI - SETTORE ORGANIZZAZIONE, bando numero: 1644524",https://www.acquistinretepa.it/opencms/opencms/main/impresa/strumenti/dettaglio.jsp?idT=1644524&tipoVis=descr&nome=SELEZIONE+OPERATORI+ECONOMICI+-+SETTORE+ORGANIZZAZIONE&frompage=rdoAperte.jsp&orderBy=pubblicazione&sort=desc&__pagina=3&__element=paginazione
1644588,MINISTERO DELL'INTERNO,Servizi professionali,21/07/2017,25/08/2017,"1,00 €","Partecipa all'iniziativa SELEZIONE OPERATORI ECONOMICI - SETTORE SERVIZI LEGALI, bando numero: 1644588",https://www.acquistinretepa.it/opencms/opencms/main/impresa/strumenti/dettaglio.jsp?idT=1644588&tipoVis=descr&nome=SELEZIONE+OPERATORI+ECONOMICI+-+SETTORE+SERVIZI+LEGALI&frompage=rdoAperte.jsp&orderBy=pubblicazione&sort=desc&__pagina=3&__element=paginazione
1644599,MINISTERO DELL'INTERNO,Servizi professionali,21/07/2017,25/08/2017,"1,00 €","Partecipa all'iniziativa SELEZIONE OPERATORI ECONOMICI - SETTORE TECNICO, bando numero: 1644599",https://www.acquistinretepa.it/opencms/opencms/main/impresa/strumenti/dettaglio.jsp?idT=1644599&tipoVis=descr&nome=SELEZIONE+OPERATORI+ECONOMICI+-+SETTORE+TECNICO&frompage=rdoAperte.jsp&orderBy=pubblicazione&sort=desc&__pagina=4&__element=paginazione
1644606,MINISTERO DELL'INTERNO,Servizi professionali,21/07/2017,25/08/2017,"1,00 €","Partecipa all'iniziativa SELEZIONE OPERATORI ECONOMICI - SETTORE SCOUTING FONDI EUROPEI, bando numero: 1644606",https://www.acquistinretepa.it/opencms/opencms/main/impresa/strumenti/dettaglio.jsp?idT=1644606&tipoVis=descr&nome=SELEZIONE+OPERATORI+ECONOMICI+-+SETTORE+SCOUTING+FONDI+EUROPEI&frompage=rdoAperte.jsp&orderBy=pubblicazione&sort=desc&__pagina=4&__element=paginazione
1644127,I.N.F.N. - ISTITUTO NAZIONALE DI FISICA NUCLEARE,Beni e servizi per le persone,21/07/2017,31/07/2017,"14000,00 €","Partecipa all'iniziativa Postazione per laser, bando numero: 1644127",https://www.acquistinretepa.it/opencms/opencms/main/impresa/strumenti/dettaglio.jsp?idT=1644127&tipoVis=descr&nome=Postazione+per+laser&frompage=rdoAperte.jsp&orderBy=pubblicazione&sort=desc&__pagina=4&__element=paginazione
1641471,I.N.F.N. - ISTITUTO NAZIONALE DI FISICA NUCLEARE,Beni e servizi per gli immobili,21/07/2017,29/08/2017,"39900,00 €","Partecipa all'iniziativa Acquisto PLC Schneider ed accessori per controlli ADIGE, bando numero: 1641471",https://www.acquistinretepa.it/opencms/opencms/main/impresa/strumenti/dettaglio.jsp?idT=1641471&tipoVis=descr&nome=Acquisto+PLC+Schneider+ed+accessori+per+controlli+ADIGE&frompage=rdoAperte.jsp&orderBy=pubblicazione&sort=desc&__pagina=4&__element=paginazione
1644683,AZIENDA OSPEDALIERA SANTOBONO PAUSILIPON NAPOLI,Beni e servizi per la sanità,21/07/2017,07/08/2017,"20000,00 €","Partecipa all'iniziativa VENTILATORE POLMONARE TRASPORTABILE PER EMERGENZA + ACCESSORI, bando numero: 1644683",https://www.acquistinretepa.it/opencms/opencms/main/impresa/strumenti/dettaglio.jsp?idT=1644683&tipoVis=descr&nome=VENTILATORE+POLMONARE+TRASPORTABILE+PER+EMERGENZA+%2B+ACCESSORI&frompage=rdoAperte.jsp&orderBy=pubblicazione&sort=desc&__pagina=4&__element=paginazione
1635279,COMUNE DI MILANO,"Hardware, Software e Servizi ICT",21/07/2017,21/08/2017,"38000,00 €","Partecipa all'iniziativa Approvvigionamento dei servizi di comunicazione massiva mailing list del Comune di Milano, bando numero: 1635279",https://www.acquistinretepa.it/opencms/opencms/main/impresa/strumenti/dettaglio.jsp?idT=1635279&tipoVis=descr&nome=Approvvigionamento+dei+servizi+di+comunicazione+massiva+mailing+list+del+Comune+di+Milano&frompage=rdoAperte.jsp&orderBy=pubblicazione&sort=desc&__pagina=4&__element=paginazione
1644637,COMUNE DI FANO,Beni e servizi per le persone,21/07/2017,31/07/2017,"4000,00 €","Partecipa all'iniziativa Servizio promozione fiera di San Bartolomeo anno 2017, bando numero: 1644637",https://www.acquistinretepa.it/opencms/opencms/main/impresa/strumenti/dettaglio.jsp?idT=1644637&tipoVis=descr&nome=Servizio+promozione+fiera+di+San+Bartolomeo+anno+2017&frompage=rdoAperte.jsp&orderBy=pubblicazione&sort=desc&__pagina=4&__element=paginazione
1644706,AZIENDA SANITARIA UNICA REGIONALE MARCHE,Arredi e complementi di arredo,21/07/2017,31/07/2017,"5500,00 €","Partecipa all'iniziativa AV3 MC PROV - Fornitura di contenitori schermati per trasporto siringhe da destinare all'U.O. di Medicina Nucleare della Struttura Sanitaria di Macerata, bando numero: 1644706",https://www.acquistinretepa.it/opencms/opencms/main/impresa/strumenti/dettaglio.jsp?idT=1644706&tipoVis=descr&nome=AV3+MC+PROV+-+Fornitura+di+contenitori+schermati+per+trasporto+siringhe+da+destinare+all%27U.O.+di+Medicina+Nucleare+della+Struttura+Sanitaria+di+Macerata&frompage=rdoAperte.jsp&orderBy=pubblicazione&sort=desc&__pagina=4&__element=paginazione
1644519,MINISTERO DELLA GIUSTIZIA,"Cancelleria, macchine per ufficio e materiale di consumo,Arredi e complementi di arredo,Cancelleria, macchine per ufficio e materiale di consumo",21/07/2017,01/08/2017,"25000,00 €","Partecipa all'iniziativa Fornitura arredi V° sezione detentiva, bando numero: 1644519",https://www.acquistinretepa.it/opencms/opencms/main/impresa/strumenti/dettaglio.jsp?idT=1644519&tipoVis=descr&nome=Fornitura+arredi+V%B0+sezione+detentiva&frompage=rdoAperte.jsp&orderBy=pubblicazione&sort=desc&__pagina=4&__element=paginazione
1644612,MINISTERO DELLA GIUSTIZIA,Arredi e complementi di arredo,21/07/2017,30/07/2017,"1000,00 €","Partecipa all'iniziativa Frigo bar versione hotel, bando numero: 1644612",https://www.acquistinretepa.it/opencms/opencms/main/impresa/strumenti/dettaglio.jsp?idT=1644612&tipoVis=descr&nome=Frigo+bar+versione+hotel&frompage=rdoAperte.jsp&orderBy=pubblicazione&sort=desc&__pagina=4&__element=paginazione
1644522,AZIENDA OSPEDALIERO - UNIVERSITARIA MAGGIORE DELLA CARITA' DI NOVARA,Beni e servizi per la sanità,21/07/2017,26/07/2017,"5000,00 €","Partecipa all'iniziativa TRATTATIVA LACRIME ARTIFICIALI GEL, bando numero: 1644522",https://www.acquistinretepa.it/opencms/opencms/main/impresa/strumenti/dettaglio.jsp?idT=1644522&tipoVis=descr&nome=TRATTATIVA+LACRIME+ARTIFICIALI+GEL&frompage=rdoAperte.jsp&orderBy=pubblicazione&sort=desc&__pagina=5&__element=paginazione
1642874,AZIENDA SANITARIA PROVINCIALE DI CALTANISSETTA,Arredi e complementi di arredo,21/07/2017,07/08/2017,"9100,00 €","Partecipa all'iniziativa FORNITURA DI N. 2 TRANSPALLET ELETTRICI, bando numero: 1642874",https://www.acquistinretepa.it/opencms/opencms/main/impresa/strumenti/dettaglio.jsp?idT=1642874&tipoVis=descr&nome=FORNITURA+DI+N.+2+TRANSPALLET+ELETTRICI&frompage=rdoAperte.jsp&orderBy=pubblicazione&sort=desc&__pagina=5&__element=paginazione
1644515,MINISTERO DELLA DIFESA,Beni e servizi per le persone,21/07/2017,31/07/2017,"7600,00 €","Partecipa all'iniziativa FORNITURA E POSA IN OPERA ELETTROPOMPA SOMMERSA, bando numero: 1644515",https://www.acquistinretepa.it/opencms/opencms/main/impresa/strumenti/dettaglio.jsp?idT=1644515&tipoVis=descr&nome=FORNITURA+E+POSA+IN+OPERA+ELETTROPOMPA+SOMMERSA&frompage=rdoAperte.jsp&orderBy=pubblicazione&sort=desc&__pagina=5&__element=paginazione
1644460,ROMA CAPITALE - COMUNE DI ROMA,Servizi sociali,21/07/2017,02/08/2017,"24590,00 €","Partecipa all'iniziativa Soggiorni diurni marini per anziani ""Punti Blu 2017"", bando numero: 1644460",https://www.acquistinretepa.it/opencms/opencms/main/impresa/strumenti/dettaglio.jsp?idT=1644460&tipoVis=descr&nome=Soggiorni+diurni+marini+per+anziani+%22Punti+Blu+2017%22&frompage=rdoAperte.jsp&orderBy=pubblicazione&sort=desc&__pagina=5&__element=paginazione
1644320,COMUNE DI MILANO,"Hardware, Software e Servizi ICT",21/07/2017,11/08/2017,"200000,00 €","Partecipa all'iniziativa Acquisizione di un sistema integrato per la gestione dei turni e degli adempimenti organizzativi ed economici della Polizia Locale del Comune di Milano, bando numero: 1644320",https://www.acquistinretepa.it/opencms/opencms/main/impresa/strumenti/dettaglio.jsp?idT=1644320&tipoVis=descr&nome=Acquisizione+di+un+sistema+integrato+per+la+gestione+dei+turni+e+degli+adempimenti+organizzativi+ed+economici+della+Polizia+Locale+del+Comune+di+Milano&frompage=rdoAperte.jsp&orderBy=pubblicazione&sort=desc&__pagina=5&__element=paginazione
1644508,MINISTERO DELL'ISTRUZIONE DELL'UNIVERSITA' E DELLA RICERCA,"Hardware, Software e Servizi ICT",21/07/2017,03/08/2017,"3250,00 €","Partecipa all'iniziativa Software RIP, bando numero: 1644508",https://www.acquistinretepa.it/opencms/opencms/main/impresa/strumenti/dettaglio.jsp?idT=1644508&tipoVis=descr&nome=Software+RIP&frompage=rdoAperte.jsp&orderBy=pubblicazione&sort=desc&__pagina=5&__element=paginazione
1642901,POLITECNICO DI MILANO,Arredi e complementi di arredo,21/07/2017,30/07/2017,"9800,00 €","Partecipa all'iniziativa ARREDI PER ASILO - NL-, bando numero: 1642901",https://www.acquistinretepa.it/opencms/opencms/main/impresa/strumenti/dettaglio.jsp?idT=1642901&tipoVis=descr&nome=ARREDI+PER+ASILO+-+NL-&frompage=rdoAperte.jsp&orderBy=pubblicazione&sort=desc&__pagina=5&__element=paginazione
1644441,UNIVERSITA' DEGLI STUDI DI PADOVA,"Hardware, Software e Servizi ICT",21/07/2017,28/07/2017,"5360,00 €","Partecipa all'iniziativa Acquisto notebook docenti - 13.3"", bando numero: 1644441",https://www.acquistinretepa.it/opencms/opencms/main/impresa/strumenti/dettaglio.jsp?idT=1644441&tipoVis=descr&nome=Acquisto+notebook+docenti+-+13.3%22&frompage=rdoAperte.jsp&orderBy=pubblicazione&sort=desc&__pagina=5&__element=paginazione
1644445,POLITECNICO DI TORINO,"Hardware, Software e Servizi ICT",21/07/2017,31/07/2017,"2300,00 €","Partecipa all'iniziativa D.E.T. POLITECNICO DI TORINO - LOTTO 1 CIG Z001F6F714 (MGOA)  N. 3 MONITOR LDC 27""- LOTTO 2  CIG Z591F6F789 (SEGR.AMM) -  N. 7 MONITOR LED/OLED 23"", bando numero: 1644445",https://www.acquistinretepa.it/opencms/opencms/main/impresa/strumenti/dettaglio.jsp?idT=1644445&tipoVis=descr&nome=D.E.T.+POLITECNICO+DI+TORINO+-+LOTTO+1+CIG+Z001F6F714+%28MGOA%29++N.+3+MONITOR+LDC+27%22-+LOTTO+2++CIG+Z591F6F789+%28SEGR.AMM%29+-++N.+7+MONITOR+LED%2FOLED+23%22&frompage=rdoAperte.jsp&orderBy=pubblicazione&sort=desc&__pagina=5&__element=paginazione
1614042,COMUNE DI MONDOVÌ,Lavori di manutenzione,21/07/2017,05/08/2017,"126000,00 €","Partecipa all'iniziativa SCUOLA PRIMARIA ""TRIGARI"": INTERVENTI DI MESSA IN SICUREZZA - PRIMO LOTTO., bando numero: 1614042",https://www.acquistinretepa.it/opencms/opencms/main/impresa/strumenti/dettaglio.jsp?idT=1614042&tipoVis=descr&nome=SCUOLA+PRIMARIA+%22TRIGARI%22%3A+INTERVENTI+DI+MESSA+IN+SICUREZZA+-+PRIMO+LOTTO.&frompage=rdoAperte.jsp&orderBy=pubblicazione&sort=desc&__pagina=5&__element=paginazione
1644428,POLITECNICO DI MILANO,Arredi e complementi di arredo,21/07/2017,31/07/2017,"6000,00 €","Partecipa all'iniziativa Fornitura e installazione di veneziane - RG, bando numero: 1644428",https://www.acquistinretepa.it/opencms/opencms/main/impresa/strumenti/dettaglio.jsp?idT=1644428&tipoVis=descr&nome=Fornitura+e+installazione+di+veneziane+-+RG&frompage=rdoAperte.jsp&orderBy=pubblicazione&sort=desc&__pagina=6&__element=paginazione
1611046,COMUNE DI PINEROLO,Veicoli,21/07/2017,08/09/2017,"77700,00 €","Partecipa all'iniziativa Fornitura di n. 1 scuolabus alimentato a metano da adibire al trasporto degli alunni delle scuole dell'infanzia, delle scuole primarie, delle scuole secondarie di primo grado ed al trasporto di alunni disabili, bando numero: 1611046",https://www.acquistinretepa.it/opencms/opencms/main/impresa/strumenti/dettaglio.jsp?idT=1611046&tipoVis=descr&nome=Fornitura+di+n.+1+scuolabus+alimentato+a+metano+da+adibire+al+trasporto+degli+alunni+delle+scuole+dell%27infanzia%2C+delle+scuole+primarie%2C+delle+scuole+secondarie+di+primo+grado+ed+al+trasporto+di+alunni+disabili&frompage=rdoAperte.jsp&orderBy=pubblicazione&sort=desc&__pagina=6&__element=paginazione
1641494,UNIVERSITA' DEGLI STUDI DI GENOVA,Beni e servizi per gli immobili,21/07/2017,04/08/2017,"2200,00 €","Partecipa all'iniziativa Copia di SERVIZIO DI DERATTIZZAZIONE GBH 2017, bando numero: 1641494",https://www.acquistinretepa.it/opencms/opencms/main/impresa/strumenti/dettaglio.jsp?idT=1641494&tipoVis=descr&nome=Copia+di+SERVIZIO+DI+DERATTIZZAZIONE+GBH+2017&frompage=rdoAperte.jsp&orderBy=pubblicazione&sort=desc&__pagina=6&__element=paginazione
1643781,I.N.F.N. - ISTITUTO NAZIONALE DI FISICA NUCLEARE,"Hardware, Software e Servizi ICT",21/07/2017,02/08/2017,"2200,00 €","Partecipa all'iniziativa Workstation per CAD Elettronico, bando numero: 1643781",https://www.acquistinretepa.it/opencms/opencms/main/impresa/strumenti/dettaglio.jsp?idT=1643781&tipoVis=descr&nome=Workstation+per+CAD+Elettronico&frompage=rdoAperte.jsp&orderBy=pubblicazione&sort=desc&__pagina=6&__element=paginazione
1644404,COMUNE DI SAN SECONDO PARMENSE,Beni e servizi al territorio,21/07/2017,26/07/2017,"2800,00 €","Partecipa all'iniziativa ABBATTIMENTO E SMALTIMENTO N.6 PLATANI ALTO FUSTO, bando numero: 1644404",https://www.acquistinretepa.it/opencms/opencms/main/impresa/strumenti/dettaglio.jsp?idT=1644404&tipoVis=descr&nome=ABBATTIMENTO+E+SMALTIMENTO+N.6+PLATANI+ALTO+FUSTO&frompage=rdoAperte.jsp&orderBy=pubblicazione&sort=desc&__pagina=6&__element=paginazione
1644266,COMUNE DI GENOVA,Servizi professionali,21/07/2017,18/08/2017,"6000,00 €","Partecipa all'iniziativa AFFIDAMENTO SERVIZIO DI CONTROLLO PRIMO LIVELLO DEI COSTI ELIGIBILI NELL'AMBITO DEL PROGETTO DEMO-EC -PROGRAMMA INTERREG EUROPE 2014-2020, bando numero: 1644266",https://www.acquistinretepa.it/opencms/opencms/main/impresa/strumenti/dettaglio.jsp?idT=1644266&tipoVis=descr&nome=AFFIDAMENTO+SERVIZIO+DI+CONTROLLO+PRIMO+LIVELLO+DEI+COSTI+ELIGIBILI+NELL%27AMBITO+DEL+PROGETTO+DEMO-EC+-PROGRAMMA+INTERREG+EUROPE+2014-2020&frompage=rdoAperte.jsp&orderBy=pubblicazione&sort=desc&__pagina=6&__element=paginazione
1641965,I.N.F.N. - ISTITUTO NAZIONALE DI FISICA NUCLEARE,Beni e servizi per gli immobili,21/07/2017,04/08/2017,"1250,00 €","Partecipa all'iniziativa Cavi coassiali per segnali e alimentazione in alta tensione, bando numero: 1641965",https://www.acquistinretepa.it/opencms/opencms/main/impresa/strumenti/dettaglio.jsp?idT=1641965&tipoVis=descr&nome=Cavi+coassiali+per+segnali+e+alimentazione+in+alta+tensione&frompage=rdoAperte.jsp&orderBy=pubblicazione&sort=desc&__pagina=6&__element=paginazione
1644378,AZIENDA OSPEDALIERO - UNIVERSITARIA MAGGIORE DELLA CARITA' DI NOVARA,Beni e servizi per la sanità,21/07/2017,26/07/2017,"500,00 €","Partecipa all'iniziativa Trattativa aminoacidi selettivi, bando numero: 1644378",https://www.acquistinretepa.it/opencms/opencms/main/impresa/strumenti/dettaglio.jsp?idT=1644378&tipoVis=descr&nome=Trattativa+aminoacidi+selettivi&frompage=rdoAperte.jsp&orderBy=pubblicazione&sort=desc&__pagina=6&__element=paginazione
1556115,MINISTERO DELLA DIFESA,Beni e servizi per le persone,21/07/2017,09/08/2017,"52000,00 €","Partecipa all'iniziativa AN 35/17 SOSTITUZIONE CESOIA PER OFFICINA FABBRI, bando numero: 1556115",https://www.acquistinretepa.it/opencms/opencms/main/impresa/strumenti/dettaglio.jsp?idT=1556115&tipoVis=descr&nome=AN+35%2F17+SOSTITUZIONE+CESOIA+PER+OFFICINA+FABBRI&frompage=rdoAperte.jsp&orderBy=pubblicazione&sort=desc&__pagina=6&__element=paginazione
1637452,AZIENDA SANITARIA PROVINCIALE DI TRAPANI,"Hardware, Software e Servizi ICT",21/07/2017,18/08/2017,"200000,00 €","Partecipa all'iniziativa Fornitura in noleggio di un sistema informativo di gestione del CUP, bando numero: 1637452",https://www.acquistinretepa.it/opencms/opencms/main/impresa/strumenti/dettaglio.jsp?idT=1637452&tipoVis=descr&nome=Fornitura+in+noleggio+di+un+sistema+informativo+di+gestione+del+CUP&frompage=rdoAperte.jsp&orderBy=pubblicazione&sort=desc&__pagina=6&__element=paginazione
1644238,REGIONE SICILIA,Arredi e complementi di arredo,21/07/2017,02/08/2017,"3802,65 €","Partecipa all'iniziativa Acquisto beni funzionamento servizio A.I.B. - Arredi, bando numero: 1644238",https://www.acquistinretepa.it/opencms/opencms/main/impresa/strumenti/dettaglio.jsp?idT=1644238&tipoVis=descr&nome=Acquisto+beni+funzionamento+servizio+A.I.B.+-+Arredi&frompage=rdoAperte.jsp&orderBy=pubblicazione&sort=desc&__pagina=7&__element=paginazione
1643501,COMUNE DI MONDOVÌ,Beni e servizi per gli immobili,21/07/2017,27/07/2017,"1700,00 €","Partecipa all'iniziativa Fornitura e posa di un nuovo condizionatore presso l’uffcio EDP del Palazzo Municipale., bando numero: 1643501",https://www.acquistinretepa.it/opencms/opencms/main/impresa/strumenti/dettaglio.jsp?idT=1643501&tipoVis=descr&nome=Fornitura+e+posa+di+un+nuovo+condizionatore+presso+l%3Fuffcio+EDP+del+Palazzo+Municipale.&frompage=rdoAperte.jsp&orderBy=pubblicazione&sort=desc&__pagina=7&__element=paginazione
1644070,POLITECNICO DI MILANO,"Hardware, Software e Servizi ICT",21/07/2017,31/07/2017,"7500,00 €","Partecipa all'iniziativa Fornitura di N. 5 notebook Dell XPS 15-15-9560 laptop oppure equivalente    (A.L.), bando numero: 1644070",https://www.acquistinretepa.it/opencms/opencms/main/impresa/strumenti/dettaglio.jsp?idT=1644070&tipoVis=descr&nome=Fornitura+di+N.+5+notebook+Dell+XPS+15-15-9560+laptop+oppure+equivalente++++%28A.L.%29&frompage=rdoAperte.jsp&orderBy=pubblicazione&sort=desc&__pagina=7&__element=paginazione
1644372,CAMERA DI COMMERCIO DI CAGLIARI,"Cancelleria, macchine per ufficio e materiale di consumo",21/07/2017,25/08/2017,"4000,00 €","Partecipa all'iniziativa Fornitura toner, bando numero: 1644372",https://www.acquistinretepa.it/opencms/opencms/main/impresa/strumenti/dettaglio.jsp?idT=1644372&tipoVis=descr&nome=Fornitura+toner&frompage=rdoAperte.jsp&orderBy=pubblicazione&sort=desc&__pagina=7&__element=paginazione
1638043,I.N.F.N. - ISTITUTO NAZIONALE DI FISICA NUCLEARE,"Hardware, Software e Servizi ICT",21/07/2017,31/07/2017,"5100,00 €","Partecipa all'iniziativa Storage per servizi cloud, bando numero: 1638043",https://www.acquistinretepa.it/opencms/opencms/main/impresa/strumenti/dettaglio.jsp?idT=1638043&tipoVis=descr&nome=Storage+per+servizi+cloud&frompage=rdoAperte.jsp&orderBy=pubblicazione&sort=desc&__pagina=7&__element=paginazione
1644273,S.P.IM. S.P.A,"Hardware, Software e Servizi ICT",21/07/2017,28/07/2017,"500,00 €","Partecipa all'iniziativa Asus ZenFone 3 Deluxe, bando numero: 1644273",https://www.acquistinretepa.it/opencms/opencms/main/impresa/strumenti/dettaglio.jsp?idT=1644273&tipoVis=descr&nome=Asus+ZenFone+3+Deluxe&frompage=rdoAperte.jsp&orderBy=pubblicazione&sort=desc&__pagina=7&__element=paginazione
1642023,POLITECNICO DI TORINO,Beni e servizi per la sanità,21/07/2017,28/07/2017,"4611,00 €","Partecipa all'iniziativa Richiesta di offerta per vetreria e consumabili, bando numero: 1642023",https://www.acquistinretepa.it/opencms/opencms/main/impresa/strumenti/dettaglio.jsp?idT=1642023&tipoVis=descr&nome=Richiesta+di+offerta+per+vetreria+e+consumabili&frompage=rdoAperte.jsp&orderBy=pubblicazione&sort=desc&__pagina=7&__element=paginazione
1644033,POLITECNICO DI MILANO,"Hardware, Software e Servizi ICT,Cancelleria, macchine per ufficio e materiale di consumo",21/07/2017,01/09/2017,"2930,00 €","Partecipa all'iniziativa Rda 13302 rdo 1644033 cig Z721F6E6BE Nuovo Microsoft Surface Pro 2017 Intel Core i7-7XXX 12.3 e accessori - Guadagnini, bando numero: 1644033",https://www.acquistinretepa.it/opencms/opencms/main/impresa/strumenti/dettaglio.jsp?idT=1644033&tipoVis=descr&nome=Rda+13302+rdo+1644033+cig+Z721F6E6BE+Nuovo+Microsoft+Surface+Pro+2017+Intel+Core+i7-7XXX+12.3+e+accessori+-+Guadagnini&frompage=rdoAperte.jsp&orderBy=pubblicazione&sort=desc&__pagina=7&__element=paginazione
1642357,POLITECNICO DI TORINO,Beni e servizi per le persone,21/07/2017,28/07/2017,"4413,00 €","Partecipa all'iniziativa Richiesta di offerta per materiale vario di laboratorio, bando numero: 1642357",https://www.acquistinretepa.it/opencms/opencms/main/impresa/strumenti/dettaglio.jsp?idT=1642357&tipoVis=descr&nome=Richiesta+di+offerta+per+materiale+vario+di+laboratorio&frompage=rdoAperte.jsp&orderBy=pubblicazione&sort=desc&__pagina=7&__element=paginazione
1643024,UNIVERSITA' DEGLI STUDI DI SALERNO,"Hardware, Software e Servizi ICT",21/07/2017,31/07/2017,"108598,00 €","Partecipa all'iniziativa AMPLIAMENTO E POTENZIAMENTO INFRASTRUTTURA PASSIVA DI RETE - 7152540EB7, bando numero: 1643024",https://www.acquistinretepa.it/opencms/opencms/main/impresa/strumenti/dettaglio.jsp?idT=1643024&tipoVis=descr&nome=AMPLIAMENTO+E+POTENZIAMENTO+INFRASTRUTTURA+PASSIVA+DI+RETE+-+7152540EB7&frompage=rdoAperte.jsp&orderBy=pubblicazione&sort=desc&__pagina=7&__element=paginazione
1644199,AZIENDA OSPEDALIERA SANTOBONO PAUSILIPON NAPOLI,Beni e servizi per la sanità,21/07/2017,07/08/2017,"27460,20 €","Partecipa all'iniziativa Dispositivi medici per oculistica, bando numero: 1644199",https://www.acquistinretepa.it/opencms/opencms/main/impresa/strumenti/dettaglio.jsp?idT=1644199&tipoVis=descr&nome=Dispositivi+medici+per+oculistica&frompage=rdoAperte.jsp&orderBy=pubblicazione&sort=desc&__pagina=8&__element=paginazione
1644149,AZIENDA OSPEDALIERA UNIVERSITARIA FEDERICO II,Arredi e complementi di arredo,21/07/2017,27/07/2017,"1500,00 €","Partecipa all'iniziativa FORNITURA 15 POLTRONE ATTESA ( COMODE )., bando numero: 1644149",https://www.acquistinretepa.it/opencms/opencms/main/impresa/strumenti/dettaglio.jsp?idT=1644149&tipoVis=descr&nome=FORNITURA+15+POLTRONE+ATTESA+%28+COMODE+%29.&frompage=rdoAperte.jsp&orderBy=pubblicazione&sort=desc&__pagina=8&__element=paginazione
1644174,AZIENDA SANITARIA PROVINCIALE DI SIRACUSA,"Cancelleria, macchine per ufficio e materiale di consumo",21/07/2017,26/07/2017,"3350,00 €","Partecipa all'iniziativa DVD RAM DA 4,7 GB, bando numero: 1644174",https://www.acquistinretepa.it/opencms/opencms/main/impresa/strumenti/dettaglio.jsp?idT=1644174&tipoVis=descr&nome=DVD+RAM+DA+4%2C7+GB&frompage=rdoAperte.jsp&orderBy=pubblicazione&sort=desc&__pagina=8&__element=paginazione
1644177,COMUNE DI CHIVASSO,"Cancelleria, macchine per ufficio e materiale di consumo",21/07/2017,28/07/2017,"1527,90 €","Partecipa all'iniziativa FORNITURA CARTA PER FOTOCOPIATORI, bando numero: 1644177",https://www.acquistinretepa.it/opencms/opencms/main/impresa/strumenti/dettaglio.jsp?idT=1644177&tipoVis=descr&nome=FORNITURA+CARTA+PER+FOTOCOPIATORI&frompage=rdoAperte.jsp&orderBy=pubblicazione&sort=desc&__pagina=8&__element=paginazione
1641021,ARPA - SARDEGNA - AGENZIA REGIONALE PER LA PROTEZIONE DELL'AMBIENTE DELLA SARDEGNA,Beni e servizi per la sanità,21/07/2017,14/09/2017,"72000,00 €","Partecipa all'iniziativa FORNITURA STANDARD E MATERIALI DI RIFERIMENTO CERTIFICATI, bando numero: 1641021",https://www.acquistinretepa.it/opencms/opencms/main/impresa/strumenti/dettaglio.jsp?idT=1641021&tipoVis=descr&nome=FORNITURA+STANDARD+E+MATERIALI+DI+RIFERIMENTO+CERTIFICATI&frompage=rdoAperte.jsp&orderBy=pubblicazione&sort=desc&__pagina=8&__element=paginazione
1644130,UNIVERSITA' DEGLI STUDI DI NAPOLI PARTHENOPE,"Cancelleria, macchine per ufficio e materiale di consumo",21/07/2017,28/07/2017,"2374,74 €","Partecipa all'iniziativa Copia di Fornitura materiale bibliografico, bando numero: 1644130",https://www.acquistinretepa.it/opencms/opencms/main/impresa/strumenti/dettaglio.jsp?idT=1644130&tipoVis=descr&nome=Copia+di+Fornitura+materiale+bibliografico&frompage=rdoAperte.jsp&orderBy=pubblicazione&sort=desc&__pagina=8&__element=paginazione
1643448,FONDAZIONE TEATRO DEL MAGGIO MUSICALE FIORENTINO,Beni e servizi per le persone,21/07/2017,27/07/2017,"8000,00 €","Partecipa all'iniziativa FORNITURA ACCESSORI SOLLEVAMENTO PER PALCOSCENICO, bando numero: 1643448",https://www.acquistinretepa.it/opencms/opencms/main/impresa/strumenti/dettaglio.jsp?idT=1643448&tipoVis=descr&nome=FORNITURA+ACCESSORI+SOLLEVAMENTO+PER+PALCOSCENICO&frompage=rdoAperte.jsp&orderBy=pubblicazione&sort=desc&__pagina=8&__element=paginazione
1644110,UNIONE DEI COMUNI MODENESI AREA NORD,"Hardware, Software e Servizi ICT",21/07/2017,31/07/2017,"36100,00 €","Partecipa all'iniziativa Copia di Servizio di installazione, migrazione, tuning ed assistenza ambiente Oracle 12c per l'Unione Comuni Modenesi Area Nord., bando numero: 1644110",https://www.acquistinretepa.it/opencms/opencms/main/impresa/strumenti/dettaglio.jsp?idT=1644110&tipoVis=descr&nome=Copia+di+Servizio+di+installazione%2C+migrazione%2C+tuning+ed+assistenza+ambiente+Oracle+12c+per+l%27Unione+Comuni+Modenesi+Area+Nord.&frompage=rdoAperte.jsp&orderBy=pubblicazione&sort=desc&__pagina=8&__element=paginazione
1643224,POLITECNICO DI MILANO,"Hardware, Software e Servizi ICT",21/07/2017,26/07/2017,"2000,00 €","Partecipa all'iniziativa Hardware vario - RdA 12753, bando numero: 1643224",https://www.acquistinretepa.it/opencms/opencms/main/impresa/strumenti/dettaglio.jsp?idT=1643224&tipoVis=descr&nome=Hardware+vario+-+RdA+12753&frompage=rdoAperte.jsp&orderBy=pubblicazione&sort=desc&__pagina=8&__element=paginazione
1644152,COMUNE DI SPOLETO,"Cancelleria, macchine per ufficio e materiale di consumo",21/07/2017,07/08/2017,"850,00 €","Partecipa all'iniziativa Stampa materiale La DOmenica dei Sogni 2017-2018, bando numero: 1644152",https://www.acquistinretepa.it/opencms/opencms/main/impresa/strumenti/dettaglio.jsp?idT=1644152&tipoVis=descr&nome=Stampa+materiale+La+DOmenica+dei+Sogni+2017-2018&frompage=rdoAperte.jsp&orderBy=pubblicazione&sort=desc&__pagina=8&__element=paginazione
1638817,MINISTERO DELLA GIUSTIZIA,Beni e servizi per gli immobili,21/07/2017,26/07/2017,"5000,00 €","Partecipa all'iniziativa Materiale di pulizia e mantenimento detenuti, bando numero: 1638817",https://www.acquistinretepa.it/opencms/opencms/main/impresa/strumenti/dettaglio.jsp?idT=1638817&tipoVis=descr&nome=Materiale+di+pulizia+e+mantenimento+detenuti&frompage=rdoAperte.jsp&orderBy=pubblicazione&sort=desc&__pagina=9&__element=paginazione
1643180,AGRIS SARDEGNA-AGENZIA PER LA RICERCA IN AGRICOLTURA,"Cancelleria, macchine per ufficio e materiale di consumo",21/07/2017,31/07/2017,"100,00 €","Partecipa all'iniziativa ACQUISTO CARTUCCE PER STAMPANTI, bando numero: 1643180",https://www.acquistinretepa.it/opencms/opencms/main/impresa/strumenti/dettaglio.jsp?idT=1643180&tipoVis=descr&nome=ACQUISTO+CARTUCCE+PER+STAMPANTI&frompage=rdoAperte.jsp&orderBy=pubblicazione&sort=desc&__pagina=9&__element=paginazione
1644104,COMUNE DI ACQUAPENDENTE,"Cancelleria, macchine per ufficio e materiale di consumo",21/07/2017,27/07/2017,"98,50 €","Partecipa all'iniziativa Fornitura dispositivo ""Safescan 155-S"", bando numero: 1644104",https://www.acquistinretepa.it/opencms/opencms/main/impresa/strumenti/dettaglio.jsp?idT=1644104&tipoVis=descr&nome=Fornitura+dispositivo+%22Safescan+155-S%22&frompage=rdoAperte.jsp&orderBy=pubblicazione&sort=desc&__pagina=9&__element=paginazione
1644111,I.R.C.S.S. S. DE BELLIS CASTELLANA GROTTE (BA),Beni e servizi per la sanità,21/07/2017,08/09/2017,"50000,00 €","Partecipa all'iniziativa FORNITURA IN URGENZA DI N. 1 IMMUNOCOLORATORE AUTOMATICO PER IMMUNOISTOCHIMICA E C.I.S.C., bando numero: 1644111",https://www.acquistinretepa.it/opencms/opencms/main/impresa/strumenti/dettaglio.jsp?idT=1644111&tipoVis=descr&nome=FORNITURA+IN+URGENZA+DI+N.+1+IMMUNOCOLORATORE+AUTOMATICO+PER+IMMUNOISTOCHIMICA+E+C.I.S.C.&frompage=rdoAperte.jsp&orderBy=pubblicazione&sort=desc&__pagina=9&__element=paginazione
1641222,ASL 4 Teramo,Beni e servizi per la sanità,21/07/2017,04/08/2017,"12193,00 €","Partecipa all'iniziativa ACCESSORI PER APPARECCHIATURE DESTINAIE ALLE VARIE UU.OO. SERVIZIO CARDIOLOGIA, UTIC ED ARITMOLOGIA DEL P.O. TERAMO, bando numero: 1641222",https://www.acquistinretepa.it/opencms/opencms/main/impresa/strumenti/dettaglio.jsp?idT=1641222&tipoVis=descr&nome=ACCESSORI+PER+APPARECCHIATURE+DESTINAIE+ALLE+VARIE+UU.OO.+SERVIZIO+CARDIOLOGIA%2C+UTIC+ED+ARITMOLOGIA+DEL+P.O.+TERAMO&frompage=rdoAperte.jsp&orderBy=pubblicazione&sort=desc&__pagina=9&__element=paginazione
1643860,COMUNE DI BORGO VALSUGANA,"Hardware, Software e Servizi ICT",21/07/2017,28/07/2017,"17100,00 €","Partecipa all'iniziativa Software gestione sanzioni amministrative CdS, bando numero: 1643860",https://www.acquistinretepa.it/opencms/opencms/main/impresa/strumenti/dettaglio.jsp?idT=1643860&tipoVis=descr&nome=Software+gestione+sanzioni+amministrative+CdS&frompage=rdoAperte.jsp&orderBy=pubblicazione&sort=desc&__pagina=9&__element=paginazione
1644087,COMUNE DI PACECO,Beni e servizi per le persone,21/07/2017,17/08/2017,"35134,28 €","Partecipa all'iniziativa Servizio di esecuzione delle operazioni cimiteriali anno 2017, bando numero: 1644087",https://www.acquistinretepa.it/opencms/opencms/main/impresa/strumenti/dettaglio.jsp?idT=1644087&tipoVis=descr&nome=Servizio+di+esecuzione+delle+operazioni+cimiteriali+anno+2017&frompage=rdoAperte.jsp&orderBy=pubblicazione&sort=desc&__pagina=9&__element=paginazione
1642068,AZIENDA OSPEDALIERA S. CARLO POTENZA,Beni e servizi per la sanità,21/07/2017,04/08/2017,"5859,00 €","Partecipa all'iniziativa FORNITURA BIENNALE DI N. 31 BATTERIE RIGENERABILI PER DEFIBRILLATORI MOD. LIFEPAK 12 IN DOTAZIONE  A  VARIE UU.OO.CC. DELL’A.O.R. SAN CARLO POTENZA, bando numero: 1642068",https://www.acquistinretepa.it/opencms/opencms/main/impresa/strumenti/dettaglio.jsp?idT=1642068&tipoVis=descr&nome=FORNITURA+BIENNALE+DI+N.+31+BATTERIE+RIGENERABILI+PER+DEFIBRILLATORI+MOD.+LIFEPAK+12+IN+DOTAZIONE++A++VARIE+UU.OO.CC.+DELL%3FA.O.R.+SAN+CARLO+POTENZA&frompage=rdoAperte.jsp&orderBy=pubblicazione&sort=desc&__pagina=9&__element=paginazione
1596022,STAZIONE ZOOLOGICA - ANTON DOHRN,"Alimenti, ristorazione e buoni pasto",21/07/2017,03/08/2017,"7800,00 €","Partecipa all'iniziativa PRODOTTI ITTICI CONGELATI, bando numero: 1596022",https://www.acquistinretepa.it/opencms/opencms/main/impresa/strumenti/dettaglio.jsp?idT=1596022&tipoVis=descr&nome=PRODOTTI+ITTICI+CONGELATI&frompage=rdoAperte.jsp&orderBy=pubblicazione&sort=desc&__pagina=9&__element=paginazione
1644063,COMUNE DI SAN LUCA,Beni e servizi per le persone,21/07/2017,27/07/2017,"5850,00 €","Partecipa all'iniziativa Fornitura gabbioni, bando numero: 1644063",https://www.acquistinretepa.it/opencms/opencms/main/impresa/strumenti/dettaglio.jsp?idT=1644063&tipoVis=descr&nome=Fornitura+gabbioni&frompage=rdoAperte.jsp&orderBy=pubblicazione&sort=desc&__pagina=9&__element=paginazione
